{
  "cell_counts": {
    "A1": 4,
    "A2": 4,
    "A3": 3,
    "B1": 5,
    "B2": 9,
    "B3": 8,
    "B4": 1,
    "C1": 3,
    "C2": 6,
    "C3": 5,
    "C4": 3,
    "D1": 1,
    "D2": 4,
    "D3": 8,
    "D4": 6
  },
  "cell_probabilities": {
    "A1": 0.05714285714285714,
    "A2": 0.05714285714285714,
    "A3": 0.04285714285714286,
    "B1": 0.07142857142857142,
    "B2": 0.12857142857142856,
    "B3": 0.11428571428571428,
    "B4": 0.014285714285714285,
    "C1": 0.04285714285714286,
    "C2": 0.08571428571428572,
    "C3": 0.07142857142857142,
    "C4": 0.04285714285714286,
    "D1": 0.014285714285714285,
    "D2": 0.05714285714285714,
    "D3": 0.11428571428571428,
    "D4": 0.08571428571428572
  },
  "created_at_utc": "2026-06-17T19:14:58Z",
  "dataset": "outputs/teacher_distill/hard64_lumina_qwen_qwen37_compact/dataset.jsonl",
  "positive_rows": 10,
  "row_count": 64,
  "schema_version": "ascr.cell_prior_selector.v1",
  "total_localizations": 77
}
